,title
5516,"Konyaku Haki sareta Reijou wo Hirotta Ore ga, Ikenai Koto wo Oshiekomu: Oishii Mono wo Tabesasete Oshare wo Sasete, Sekaiichi Shiawase na Shoujo ni Produce!"
6176,"Shinjiteita Nakama-tachi ni Dungeon Okuchi de Korosarekaketa ga Gift ""Mugen Gacha"" de Level 9999 no Nakama-tachi wo Te ni Irete Moto Party Member to Sekai ni Fukushuu & ""Zamaa!"" Shimasu!"
8164,"Kage no Eiyuu no Nichijou-tan: Yuusha no Ura de Anyaku Shiteita Saikyou no Agent. Soshiki ga Kaitai Sareta node, Shoutai Kakushite Hitonami no Nichijou wo Ouka suru."
10613,"Ryuu to Ayumu Nariagari Boukensha-dou: Youzumi toshite S-Rank Party kara Tsuihou sareta Kaifuku Majutsushi, Suterareta Saki de Saikyou no Shinryuu wo Fukkatsu sasete Shimau"
14483,"Osananajimi Kanojo no Morahara ga Hidoi nde Zetsuen Sengen shite Yatta: Jibunrashiku Ikiru Koto ni Shitara, Nazeka Tonari no Seki no Kakure Bishoujo kara Kokuhaku sareta"
15566,"Shokubutsu Monster Musume Nikki: Seijo Datta Watashi ga Uragirareta Hate ni Alraune ni Tensei shiteshimatta node, Korekara wa Kougousei wo Shinagara Shizuka ni Shokubutsu Life wo Sugoshimasu"
18234,"Souzou Renkinjutsushi wa Jiyuu wo Ouka suru: Kokyou wo Tsuihou saretara, Maou no Ohizamoto de Chouzetsu Kouka no Magic Item Tsukuri-houdai ni Narimashita"
18451,"""Sekai Saikyou no Shitsuji"" Black Shokuba wo Tsuihou sareta Ore, Koori no Reijou ni Hirowareru: Seikatsu Mahou wo Kushi shite Musou shiteitara Shiawase na Kurashi ga Hajimarimashita"
18803,"""Mou.... Hatarakitakunai n desu"": Boukensha nanka Yameteyaru. Imasara, Taiguu wo Kaeru kara to Onegaisaretemo Okotowari desu. Boku wa Zettai Hatarakimasen."
19329,"Hazure Skill ""Gacha"" de Tsuihou sareta Ore wa, Wagamama Osananajimi wo Zetsuenshi Kakusei suru: Bannou Cheat Skill wo Get shite, Mezase Rakuraku Saikyou Slow Life!"
20314,"Akuyaku Reijou to Akuyaku Reisoku ga, Deatte Koi ni Ochita nara: Nanashi no Seirei to Keiyaku shite Oidasareta Reijou wa, Kyou mo Reisoku to Kisoiatteiru you desu"
20826,Watashi yori Tsuyoi Otoko to Kekkon shitai no: Seiso na Bijin Seito Kaichou (Jitsu wa Moto Banchou) no Himitsu wo Shiru Inkya (Jitsu wa Kanojo wo Koeru Saikyou no Yankee)
23206,"Sono Munou, Jitsu wa Sekai Saikyou no Mahoutsukai: Munou to Sagesumare, Kizoku-ke kara Oidasareta ga, Gift ""Tenseisha"" ga Kakusei shite Zense no Nouryoku ga Yomigaetta"
23742,"Kamigami no Kago de Seisan Kakumei: Isekai no Katasumi de Mattari Slow Life shitetara, Naze ka Tasai na Jinzai ga Atsumatte Saikyou Kokka ga Dekitemashita"
23999,"Ningen dakedo Maougun Shitennou ni Sodaterareta Ore wa, Maou no Musume ni Aisare Shihai Zokusei no Kennou wo Ataeraremashita.: The Guardian of Princess"
24541,Yarichin no Ore ga Boukan ni Osowareteta Otonashii Classmate (Kyonyuu) wo Tasukete Kuou to Shitara Gyaku ni Kyokon Futanari Chinpo Sokuochi Shita Toki no Hanashi
24657,"(Kono Sekai wa Mou Ore ga Sukutte Tomi to Kenryoku wo Te ni Iretashi, Onna Kishi ya Onna Maou to Shiro de Tanoshiku Kurashiteru kara, Ore Igai no Yuusha wa) Mou Isekai ni Konaide Kudasai."
25236,Renai Keikenchi Zero no Otome-san: Koibito Inai Reki = Nenrei no Onna Kyoushi ga Kodomo Atsukai shitekita Toshi no Hanareta Osananajimi no Seito wo Ishiki shiteshimau Hanashi
25378,"Teihen Boukensha dakedo Mahou wo Kiwametemiru Koto ni Shita: Munou Skill kara Kami Skill ni Shinka shita ""Mahou Souzou"" to ""Item Sakusei"" de Musou suru"
25548,"Kyuutei Kajishi no Shiawase na Nichijou: Black na Shokuba wo Tsuihou sareta ga, Ringoku de Koushaku Reijou ni Dekiai sare nagara White na Seikatsu Okurimasu"
25590,"Ore Igai Daremo Saishu Dekinai Sozai nanoni ""Sozai Saishuritsu ga Hikui"" to Power Harassment suru Osananajimi Renkinjutsushi to Zetsuen shita Senzoku Madoushi, Henkyou no Machi de Slow Life wo Okuritai."
25817,"Souzou Renkinjutsushi wa Jiyuu wo Ouka suru: Kokyou wo Tsuihou saretara, Maou no Ohizamoto de Chouzetsu Kouka no Magic Item Tsukuri-houdai ni Narimashita"
25853,SSS-Rank Dungeon de Knife Ippon Tewatasare Tsuihou sareta Shiromadoushi: Yggdrasil no Noroi ni yori Jakuten de Aru Maryoku Fusoku wo Kokufukushi Sekai Saikyou e to Itaru
27767,"Shinjiteita Nakama-tachi ni Dungeon Okuchi de Korosarekaketa ga Gift ""Mugen Gacha"" de Level 9999 no Nakama-tachi wo Te ni Irete Moto Party Member to Sekai ni Fukushuu & ""Zamaa!"" Shimasu!"
30013,Ore wa Shiranai Uchi ni Gakkouichi no Bishoujo wo Kudoiteita Rashii: Baito-saki no Soudan Aite ni Ore no Omoibito no Hanashi wo Suru to Kanojo wa Naze ka Tere Hajimeru
31596,Ore wa Shiranai Uchi ni Gakkouichi no Bishoujo wo Kudoiteita Rashii: Baito-saki no Soudan Aite ni Ore no Omoibito no Hanashi wo Suru to Kanojo wa Naze ka Tere Hajimeru
31700,"Konyaku Haki sareta Reijou wo Hirotta Ore ga, Ikenai Koto wo Oshiekomu: Oishii Mono wo Tabesasete Oshare wo Sasete, Sekaiichi Shiawase na Shoujo ni Produce!"
33404,"Tensei Daiseijo, Jitsuryoku wo Kakushite Renkinjutsu Gakka ni Nyuugaku suru: Kemonotsukai no Akuyaku Reijou, Game no Chishiki de Yarakashi Musou shi Dekiai sareru"
34353,"Ane ni Iwareru ga Mama ni Tokkun wo Shiteitara, Tondemonai Tsuyosa ni Natteita Otouto: Brocon Ane ni Kitaeraresugita Shinmai Boukensha, Yagate Eiyuu to Naru"
34585,"Loop 8-shuume wa Shiawase na Jinsei wo: 7-shuubun no Keikenchi to Daisan Oujo no ""Kantei"" de Kakusei shita Ore wa, Aibou no Behemoth to Tomo ni Musou suru"
40640,"Hazure Skill ""Gacha"" de Tsuihou sareta Ore wa, Wagamama Osananajimi wo Zetsuenshi Kakusei suru: Bannou Cheat Skill wo Get shite, Mezase Rakuraku Saikyou Slow Life!"
42130,Kyokon Tensei: Onna dake no Isekai de Himekishi-tachi wo Tanetsuke Shihai! Subete no Min ga Niku Onaho desu. Harami Ana ni Seishi-sama Omegumi Kudasai♪
42594,"Konyaku Haki wo Neratte Kioku Soushitsu no Furi wo Shitara, Sokkenai Taido Datta Konyakusha ga ""Kioku wo Ushinau Mae no Kimi wa, Ore ni Betabore Datta"" to Iu, Tondemonai Uso wo Tsuki Hajimeta"
43420,"Youkoso ""Tsuihousha Guild"" e: Munou na S-Rank Party ga Dondon Yuunou na Boukensha wo Tsuihou suru node, Saijaku wo Atsumete Saikyou Guild wo Tsukurimasu"
45778,"Tsuihou sareta Cheat Fuyo Majutsushi wa Kimama na Second Life wo Ouka suru.: Ore wa Buki dake ja Naku, Arayuru Mono ni ""Kyouka Point"" wo Fuyo Dekiru shi, Ore no Ishi de Itsudemo Kouka wo Kaijo Dekiru kedo, Nokotta Hitotachi Daijoubu?"
47560,Tenshoku Shinden no Shinkan ni Tensei shita Ore no Iu Koto wa Zettai Rashii: Chitsujo ga Houkai suru Level no Cheat Nouryoku wo Motta Kage no Kenryokusha no Monogatari
52015,"Uchi no Deshi ga Itsunomanika Jinrui Saikyou ni Natteite, Nan no Sainou mo Nai Shishou no Ore ga Sore wo Koeru Uchuu Saikyou ni Gonintei sareteiru Ken ni Tsuite"
52618,"Tensei Daiseijo, Jitsuryoku wo Kakushite Renkinjutsu Gakka ni Nyuugaku suru: Mofumofu ni Aisareta Reijou wa, Mofumofu Igai no Mono ni mo Dekiai sareru"
56691,"Sasen sareta Munou Ouji wa Jitsuryoku wo Kakushitai: Nido Tensei shita Saikyou Kenja, Konse dewa Tanoshitai node Te wo Nuitetara, Ouke wo Tsuihou sareta. Imasara Kaettekoi to Iwaretemo Osoi, Ryoumin ni Jitsuryoku ga Barete, Jikka ni Kaeshite Kurenai kara....."
58129,Boukensha Party wo Tsuihou sareta Kaifukushi Shoujo wo Hirotte Ikusei shitara Masaka no Saikyou Shokugyou ni Tenshoku!?: Omake ni Kanojo no Yousu ga Naniyara Okashikute…
60763,"Eroge no Sekai de Slow Life: Issho ni Isekai Teni shitekita Yarisaa no Daigakusei-tachi ni Tsuihou sareta node, Henkyou de Muteki ni Natte Shin no Heroine-tachi to Yoroshiku Yarimasu"
61066,"Akuyaku Reijou to Akuyaku Reisoku ga, Deatte Koi ni Ochita nara: Nanashi no Seirei to Keiyaku shite Oidasareta Reijou wa, Kyou mo Reisoku to Kisoiatteiru you desu"
61383,"Majutsu no Hate wo Motomeru Daimajutsushi: Madou wo Kiwameta Ore ga Sanbyakunengo no Gijutsu Kakushin wo Kitai shite Tensei shitara, Kanashiku Naruhodo Taika shiteita......"
62471,"Hazure Skill ""Nigeru"" de Ore wa Kyokugen Tei-Level no Mama Saikyou wo Mezasu: Keikenchi Yokusei & Level 1 de Skill Point ga Shinu hodo Inflation, Skill ga Torihoudai ni Natta Ken"
62473,Maou to Yuusha no Tatakai no Ura de: Game Sekai ni Tensei shita kedo Yuujin no Yuusha ga Maou Toubatsu ni Tabi Datta Ato no Kokunai Orusuban (Naisei to Boueisen) ga Ore no Oshigoto desu
63963,"Maoudou: Sennen Mae no Maou ga Fukkatsu shitara Saijaku Mamono no Kobold Datta ga, Chishiki Keiken ni Otoroenashi. Kami to Seigi no Na no Shita ni Yaritai Houdaishiteiru Ningendomo wo Shitsukeketeyaru to Shiyou"
63986,"Loop 8-shuume wa Shiawase na Jinsei wo: 7-shuubun no Keikenchi to Daisan Oujo no ""Kantei"" de Kakusei shita Ore wa, Aibou no Behemoth to Tomo ni Musou suru"
64640,"Maougun no Messiah: ""Seiken wo Tsukawanai no wa Yuusha dewa Nai"" to Iware Tsuihou sareta ga Maou ni Horerare Kekkon shimashita. Ningen-tachi wa Ore ga Teki ni Mawatta no wo Koukai shiteiru You desu ga Mou Osoi desu"
