,title,type,episodes
16063,"""Oshi no Ko"" Season 2",tv,
2939,100-man no Inochi no Ue ni Ore wa Tatteiru 2nd Season,tv,12.0
8203,12-sai. 2nd Season,ova,4.0
5362,12-sai.: Chicchana Mune no Tokimeki 2nd Season,tv,12.0
159,3-gatsu no Lion 2nd Season,tv,22.0
803,3D Kanojo: Real Girl 2nd Season,tv,12.0
2707,7 Seeds 2nd Season,ona,12.0
3412,A3! Season Autumn & Winter,tv,12.0
3449,A3! Season Spring & Summer,tv,12.0
21357,AOTU Xueyuan 2nd Season,ona,20.0
22270,AU: De Fannao 2nd Season,tv,26.0
22207,AU: Shenqi Luobo 2nd Season,tv,26.0
22136,AU: Shenqi Luobo 3rd Season,tv,26.0
22268,AU: Tu Zhi Lai Le 2nd Season,tv,26.0
22211,AU: Xue Kexue 2nd Season,tv,30.0
837,Aggressive Retsuko (ONA) 2nd Season,ona,10.0
899,Aggressive Retsuko (ONA) 3rd Season,ona,10.0
2226,Aggressive Retsuko (ONA) 4th Season,ona,10.0
2422,Aggressive Retsuko (ONA) 5th Season,ona,10.0
10996,Ai Zai Xiyuan Qian 2nd Season,ona,16.0
18088,Akachan Honbuchou 2nd Season,tv,8.0
19251,Akachan Honbuchou 3rd Season,tv,10.0
368,Akagami no Shirayuki-hime 2nd Season,tv,12.0
22891,Amy & Gollum 2nd Season,ona,104.0
23146,Amy & Gollum 3rd Season,ona,52.0
40,Ansatsu Kyoushitsu 2nd Season,tv,25.0
1643,Arifureta Shokugyou de Sekai Saikyou 2nd Season,tv,12.0
9799,Arifureta Shokugyou de Sekai Saikyou 2nd Season Picture Drama,ona,12.0
16076,Arifureta Shokugyou de Sekai Saikyou 3rd Season,tv,
21276,Ashuai 2nd Season,ona,34.0
21139,Ashuai 3rd Season,ona,34.0
21034,Ashuai 4th Season,ona,34.0
21059,Ashuai 5th Season,ona,34.0
20664,Ashuai 6th Season,ona,34.0
22165,Ashuai 7th Season,ona,34.0
22166,Ashuai 8th Season,ona,34.0
20892,Ashuai 9th Season,ona,
21559,BT21 Original Story 2nd Season,ona,
781,Baby Steps 2nd Season,tv,25.0
23486,Bai Bian Bu Lu Ke 2nd Season,tv,20.0
23487,Bai Bian Bu Lu Ke 3rd Season,tv,20.0
23488,Bai Bian Bu Lu Ke 4th Season,tv,20.0
23489,Bai Bian Bu Lu Ke 5th Season,tv,20.0
23411,Bai Bian Xiao Ba 2nd Season,tv,26.0
23412,Bai Bian Xiao Ba 3rd Season,tv,26.0
23496,Bai Bian Xiao Ba 4th Season,tv,26.0
23497,Bai Bian Xiao Ba 5th Season,tv,26.0
23498,Bai Bian Xiao Ba 6th Season,tv,26.0
23148,Bai Bian Xiao Ba: Chao Xue Xianfeng 2nd Season,tv,26.0
17932,Bai Gui Youeryuan 2nd Season,ona,12.0
17626,Bai Gui Youeryuan 3rd Season,ona,12.0
19581,Bai Gui Youeryuan 4th Season,ona,12.0
6249,Bai Yao Pu 2nd Season,ona,12.0
6347,Bai Yao Pu 3rd Season,ona,12.0
211,Bakuman. 2nd Season,tv,25.0
5291,Bakuman. 2nd Season Special,special,1.0
198,Bakuman. 3rd Season,tv,25.0
4454,Bakuman. 3rd Season Specials,special,2.0
13781,Balala Xiao Mo Xian: Feiyue Cai Ling Bao 2nd Season,tv,26.0
22060,Balala Xiao Mo Xian: Mofa Hai Ying Bao 2nd Season,tv,26.0
1748,BanG Dream! 2nd Season,tv,13.0
1528,BanG Dream! 3rd Season,tv,13.0
23387,Bang Bang Long Chudong 2nd Season,tv,52.0
23388,Bang Bang Long Chudong 3rd Season,tv,52.0
23485,Bang Bang Long Chudong 4th Season,tv,52.0
22492,Baozou Donghua 2nd Season,ona,10.0
22493,Baozou Donghua 3rd Season,ona,10.0
21087,Baozou Kongbu Gushi 2nd Season,ona,14.0
21640,Baozou Kongbu Gushi 3rd Season,ona,10.0
20842,Baozou Kongbu Gushi 4th Season,ona,26.0
21173,Baozou Kongbu Gushi 5th Season,ona,24.0
21029,Baozou Kongbu Gushi 6th Season,ona,10.0
21963,Baozou LOL 2nd Season,ona,12.0
22619,Baozou LOL 3rd Season,ona,13.0
5616,Bastard!! Ankoku no Hakaishin Season 2 (ONA),ona,15.0
453,Beastars 2nd Season,tv,12.0
16097,Beastars Final Season,,
3634,Berserk 2nd Season,tv,12.0
22795,Bing Ji Chaoren Kuaidi Xia 2nd Season,ona,16.0
2211,Birdie Wing: Golf Girls' Story Season 2,tv,12.0
1361,Bishoujo Senshi Sailor Moon Crystal Season III,tv,13.0
16073,Blue Lock 2nd Season,tv,
21245,Bo & To's Family 1st Season Part 2,tv,27.0
20212,Bo & To's Family 2nd Season,tv,10.0
115,Boku no Hero Academia 2nd Season,tv,25.0
152,Boku no Hero Academia 3rd Season,tv,25.0
232,Boku no Hero Academia 4th Season,tv,25.0
827,Boku no Hero Academia 5th Season,tv,25.0
181,Boku no Hero Academia 6th Season,tv,25.0
16065,Boku no Hero Academia 7th Season,tv,
16104,Boku no Kokoro no Yabai Yatsu Season 2,tv,
24410,Bubble Bubble Cook 2nd Season,tv,52.0
24962,Buffett Shenmi Julebu 2nd Season,tv,26.0
145,Bungou Stray Dogs 2nd Season,tv,12.0
191,Bungou Stray Dogs 3rd Season,tv,12.0
462,Bungou Stray Dogs 4th Season,tv,13.0
1714,Bungou Stray Dogs 5th Season,tv,11.0
5344,Buzzer Beater 2nd Season,tv,13.0
24904,Canzhuo Shang de Shi Shuo Xin Yu 2nd Season,ona,12.0
16263,Captain Tsubasa (2018) Season 2: Junior Youth-hen,tv,
17153,Cardfight!! Vanguard: D Series Season 6,tv,
17934,Cardfight!! Vanguard: D Series Season 7,tv,
17961,Cardfight!! Vanguard: D Series Season 8,tv,
17935,Cardfight!! Vanguard: D Series Season 9,tv,
6576,Cardfight!! Vanguard: overDress Season 2,tv,13.0
7598,Cardfight!! Vanguard: will+Dress Season 2,tv,12.0
11472,Cardfight!! Vanguard: will+Dress Season 3,tv,
17625,Caribadix 2nd Season,tv,39.0
1818,Carnival Phantasm EX Season,ova,1.0
23040,Cha A Er Zhong 2nd Season,ona,10.0
23041,Cha A Er Zhong 3rd Season,ona,10.0
23042,Cha A Er Zhong 4th Season,ona,14.0
20520,Chang Jian Feng Yun 2nd Season,ona,10.0
14882,Channel 5.5 2nd Season,ona,4.0
13634,Channel 5.5 3rd Season,ona,4.0
15658,Channel 5.5 3rd Season Prologue,ona,1.0
15411,Channel 5.5 4th Season,ona,4.0
15772,Channel 5.5 4th Season Prologue,ona,1.0
23406,Chao Mini Zhanshi 2nd Season,tv,52.0
23301,Chao Mini Zhanshi 3rd Season,tv,52.0
22143,Chao Mini Zhanshi 4th Season,tv,52.0
22070,Chao Xian Lie Bing-kai Neng 2nd Season,tv,26.0
22466,Chaoji Fangchengshi 2nd Season,tv,18.0
24219,Chengzhang Zhe Dongxi 2nd Season,ona,52.0
23384,Chi Chi de Mimi Riji 2nd Season,tv,26.0
23202,Chi Ji Da Zuozhan 2nd Season,ona,20.0
22724,Chi Ji Da Zuozhan 3rd Season,ona,24.0
17337,Chi-Sui Maru 2nd Season,tv,34.0
17684,Chickip Dancers 2nd Season,tv,26.0
16833,Chokkan × Algorhythm♪ 2nd Season,ona,17.0
6207,Cinderella Girls Gekijou 2nd Season,tv,13.0
10163,Cinderella Girls Gekijou 2nd Season Specials,special,3.0
7029,Cinderella Girls Gekijou 3rd Season,tv,13.0
11118,Cinderella Girls Gekijou 3rd Season Specials,special,3.0
7787,Cinderella Girls Gekijou: Climax Season,tv,13.0
13194,Cinderella Girls Gekijou: Climax Season Specials,special,3.0
7581,Cinderella Girls Gekijou: Kayou Cinderella Theater 2nd Season,ona,13.0
8406,Cinderella Girls Gekijou: Kayou Cinderella Theater 3rd Season,ona,7.0
9068,Cinderella Girls Gekijou: Kayou Cinderella Theater 4th Season,ona,7.0
7435,ClassicaLoid 2nd Season,tv,25.0
21492,Congming De Shunliu 2nd Season,tv,52.0
3101,D.C.II S.S.: Da Capo II Second Season,tv,13.0
3575,D.C.S.S: Da Capo Second Season,tv,26.0
7122,D.C.S.S: Da Capo Second Season Omake,special,2.0
22660,D5 Xiaodui 2nd Season,ona,12.0
23079,Da Erduo Tutu 2nd Season,tv,26.0
23006,Da Erduo Tutu 3rd Season,tv,26.0
23339,Da Erduo Tutu 4th Season,tv,26.0
23436,Da Erduo Tutu 5th Season,tv,26.0
7866,Da Li Si Rizhi 2nd Season,ona,12.0
23633,Da Xia Shanmao He Jimi 2nd Season,tv,52.0
18154,Daifuku-kun@Kin Tele 2nd Season,tv,26.0
525,Diamond no Ace: Second Season,tv,51.0
3003,Diamond no Ace: Second Season OVA,ova,2.0
22486,Dianji Xiaozi 2nd Season,tv,26.0
22614,Dianji Xiaozi 3rd Season,tv,26.0
22331,Dongbei Meng Shou 2nd Season,ona,12.0
22489,Dongfang Shen Wa 2nd Season,tv,52.0
17121,Dongitsune Season 2,special,
2030,Douluo Dalu 2nd Season,ona,237.0
3125,Doupo Cangqiong 2nd Season,ona,12.0
4465,Doupo Cangqiong 2nd Season Specials,ona,3.0
3131,Doupo Cangqiong 3rd Season,ona,12.0
3119,Doupo Cangqiong 4th Season,ona,24.0
19903,Doupo Cangqiong: Q Ban Xiao Juchang 2nd Season,ona,12.0
24379,Du Dang Man 2nd Season,ona,24.0
24221,Du Dang Man 3rd Season,ona,28.0
24222,Du Dang Man 4th Season,ona,26.0
22662,Dudadakung 2nd Season,tv,26.0
22096,Dudadakung 3rd Season,tv,26.0
3027,Edens Zero 2nd Season,tv,
5454,Fanren Xiu Xian Chuan 2nd Season,ona,51.0
41,Fate/Zero 2nd Season,tv,12.0
82,Fate/stay night: Unlimited Blade Works 2nd Season,tv,13.0
1302,Fate/stay night: Unlimited Blade Works 2nd Season - Sunny Day,special,1.0
8280,Fei Ren Zai 1st Season Part 2,ona,12.0
8543,Fei Ren Zai 1st Season Part 3,ona,12.0
9964,Fei Ren Zai 1st Season Part 4,ona,12.0
16980,Fei Ren Zai 1st Season Part 5,ona,12.0
17485,Fei Ren Zai 2nd Season,ona,12.0
17752,Fei Ren Zai 2nd Season Part 2,ona,12.0
16510,Feng Ling Yu Xiu 2nd Season,ona,12.0
24340,Fengkuang Xiao Tang 2nd Season,tv,52.0
24178,Fengkuang Xiao Tang 3rd Season,tv,52.0
24493,Fengkuang Xiao Tang 4th Season,tv,30.0
24179,Fengkuang Xiao Tang 5th Season,tv,30.0
24180,Fengkuang Xiao Tang 6th Season,tv,30.0
13858,Four Seasons: Fuuka to Nanami,ona,1.0
163,Fruits Basket 1st Season,tv,25.0
142,Fruits Basket 2nd Season,tv,25.0
12691,Fudanshi Shoukan: Isekai de Shinjuu ni Hameraremashita 2nd Season,ona,3.0
13899,Fudanshi Shoukan: Isekai de Shinjuu ni Hameraremashita 3rd Season,ona,3.0
18404,Fudanshi Shoukan: Isekai de Shinjuu ni Hameraremashita 4th Season,ona,3.0
18813,Fudanshi Shoukan: Isekai de Shinjuu ni Hameraremashita 5th Season,ona,3.0
17080,Fujilog 2nd Season,tv,13.0
579,Fumetsu no Anata e Season 2,tv,20.0
16086,Fumetsu no Anata e Season 3,tv,
13793,Funny Pets 2nd Season,tv,12.0
17826,Fuusen Inu Tinny 2nd Season,tv,26.0
21601,GG Dou 2nd Season,tv,26.0
9643,Gakkatsu! 2nd Season,tv,25.0
1961,Gakusen Toshi Asterisk 2nd Season,tv,12.0
18414,Gan Gan Ganko-chan 2nd Season,tv,8.0
17688,Ganbare! Lulu Lolo 2nd Season,tv,26.0
17696,Ganbare! Lulu Lolo 3rd Season,tv,10.0
467,Gin no Saji 2nd Season,tv,11.0
4538,Girls Bravo: First Season,tv,11.0
3839,Girls Bravo: Second Season,tv,13.0
17462,Go! Go! Kadendanshi 2nd Season,ona,78.0
1585,Gokushufudou Season 2,ona,5.0
417,Golden Kamuy 2nd Season,tv,12.0
2611,Golden Kamuy 2nd Season OVA,ova,3.0
468,Golden Kamuy 3rd Season,tv,12.0
1215,Golden Kamuy 4th Season,tv,13.0
12242,Gon 2nd Season,tv,26.0
24880,Gon de Hanta 2nd Season,ona,20.0
24696,Gon de Hanta 2nd Season Special,ona,1.0
24921,Gon de Hanta 3rd Season,ona,20.0
19727,Gonfu Tu Yu Cai Bao Gou 2nd Season,ona,10.0
4007,Granblue Fantasy The Animation Season 2,tv,12.0
6427,Granblue Fantasy The Animation Season 2 Extras,special,2.0
23457,Guai Guai Pinyin Lixian Ji 2nd Season,tv,21.0
3095,Gundam Build Divers Re:Rise 2nd Season,ona,13.0
17550,Gunma-chan Season 2,tv,13.0
8073,Guomin Laogong Dai Huijia 2nd season,ona,12.0
9788,Guomin Laogong Dai Huijia 3rd Season,ona,12.0
10043,Guomin Laogong Dai Huijia 4th Season,ona,12.0
6168,Gurazeni Season 2,tv,12.0
3004,"Gyakuten Saiban: Sono ""Shinjitsu"", Igi Ari! Season 2",tv,23.0
24716,Hai Baolaile 2nd Season,tv,52.0
24430,Hai Baolaile 3rd Season,tv,104.0
28,Haikyuu!! Second Season,tv,25.0
10037,Haitai Nanafa 2nd Season,tv,13.0
23934,Haitun Bang Bang Hao 2nd Season,tv,52.0
1511,Hakkenden: Touhou Hakken Ibun 2nd Season,tv,13.0
7117,Hangyakusei Million Arthur 2nd Season,tv,13.0
5839,Hanhua Riji 2nd Season,ona,12.0
6369,Hanhua Riji 3rd Season,ona,12.0
16799,Hanhua Riji 4th Season,ona,12.0
2027,Hanma Baki: Son of Ogre 2nd Season,ona,
5062,Hataraku Maou-sama!! 2nd Season,tv,12.0
20304,He Nü'er De Richang 2nd Season,ona,18.0
21651,He Nü'er De Richang 2nd Season Special,special,1.0
20746,He Nü'er De Richang 3rd Season,ona,18.0
24720,Hei! Xingxing Hu 2nd Season,tv,26.0
9498,Heibai Wushang 2nd Season,ona,12.0
12205,Heibai Wushuang 3rd Season,ona,12.0
22510,Hen Xi You 2nd Season,ona,20.0
6179,Hero Mask 2nd Season,ona,9.0
16177,High Card Season 2,tv,
16265,Hikari no Ou 2nd Season,tv,
436,Honzuki no Gekokujou: Shisho ni Naru Tame ni wa Shudan wo Erandeiraremasen 2nd Season,tv,12.0
671,Honzuki no Gekokujou: Shisho ni Naru Tame ni wa Shudan wo Erandeiraremasen 3rd Season,tv,10.0
1519,Hoozuki no Reitetsu 2nd Season,tv,13.0
5143,Hoozuki no Reitetsu 2nd Season OVA,ova,3.0
1920,Hoozuki no Reitetsu 2nd Season: Sono Ni,tv,13.0
18493,Houkago Midnighters: Short Movies Season 2,ova,1.0
16994,Hua Jianghu: Huan Shi Men Sheng 2nd Season,ona,19.0
23968,Huoxian Chuanqi 2nd Season,ona,13.0
23969,Huoxian Chuanqi 3rd Season,ona,13.0
19108,I Love Me 2nd Season,tv,3.0
3688,IGPX: Immortal Grand Prix (2005) 2nd Season,tv,13.0
24097,Iyab! Space Jungle 2nd Season,tv,52.0
20597,Ji Jia Shou Shen 2nd Season,tv,26.0
11847,Jian Wang 3: Xia Gan Yi Dan Shen Jianxin 2nd Season,ona,12.0
16446,Jian Wang 3: Xia Gan Yi Dan Shen Jianxin 3rd Season,ona,12.0
19487,Jian Wang 3: Xia Gan Yi Dan Shen Jianxin 3rd Season Part 2,ona,12.0
10792,Jian Yu Feng Yun 2nd Season,ona,52.0
24529,Jiayou Ba! San Er Ban 2nd Season,tv,20.0
23150,Jie Li Dou 2nd Season,ona,70.0
22977,Jie Li Dou 3rd Season,ona,60.0
22670,Jie Li Dou 4th Season,ona,62.0
16077,Jigokuraku 2nd Season,tv,
22155,Jimu Wuqian Nian: Jimu Chunqiu 2nd Season,tv,57.0
21910,Jing Jing Lai Le Dao 2nd Season,ona,6.0
10575,Jing: Shuang Cheng 2nd Season,ona,18.0
23693,Jiu Cang Miao Wo 2nd Season,ona,26.0
10597,Jiu Tian Xuan Di Jue 2nd Season,ona,52.0
16602,Jiu Tian Xuan Di Jue 3rd Season,ona,52.0
17956,Jiu Tian Xuan Di Jue 4th Season,ona,52.0
23791,Jiuyuan Baobei 2nd Season,tv,26.0
23710,Jixiang Baobao 2nd Season,tv,26.0
23711,Jixiang Baobao 3rd Season,tv,26.0
23712,Jixiang Baobao 4th Season,tv,26.0
47,JoJo no Kimyou na Bouken Part 3: Stardust Crusaders 2nd Season,tv,24.0
497,Jujutsu Kaisen 2nd Season,tv,23.0
17525,Jun You Yun 2nd Season,ona,
16374,KJ File 2nd Season,tv,13.0
3525,Kage no Jitsuryokusha ni Naritakute! 2nd Season,tv,12.0
3469,Kaginado Season 2,tv,12.0
9111,Kaijuu Girls: Ultra Kaijuu Gijinka Keikaku 2nd Season,tv,12.0
18840,Kaijuu Step Wandabada 2nd Season,tv,26.0
4501,Kaitou Joker 2nd Season,tv,13.0
5060,Kaitou Joker 3rd Season,tv,13.0
4907,Kaitou Joker 4th Season,tv,13.0
1893,Kakumeiki Valvrave 2nd Season,tv,12.0
16083,Kami no Tou 2nd Season,tv,
3478,Kami-tachi ni Hirowareta Otoko 2nd Season,tv,12.0
16106,Kanojo mo Kanojo 2nd Season,tv,
2531,"Kanojo, Okarishimasu 2nd Season",tv,12.0
10965,"Kanojo, Okarishimasu 2nd Season: Date Movie",ona,12.0
10534,"Kanojo, Okarishimasu 2nd Season: Kanokari Call",special,24.0
3456,"Kanojo, Okarishimasu 3rd Season",tv,12.0
11011,"Kanojo, Okarishimasu Petit 2nd Season",ona,12.0
16977,Kasumin 2nd Season,tv,26.0
11218,Kasumin 3rd Season,tv,26.0
14609,Kawasaki Frontale x Tentai Senshi Sunred 2nd Season,special,1.0
16155,Kengan Ashura Season 2,ona,
534,Kidou Senshi Gundam 00 Second Season,tv,25.0
3122,Kidou Senshi Gundam Thunderbolt 2nd Season,ona,4.0
1035,Kidou Senshi Gundam: Suisei no Majo Season 2,tv,12.0
11549,Kidou Senshi Gundam: Suisei no Majo Season 2 Recap,special,1.0
524,Kidou Senshi Gundam: Tekketsu no Orphans 2nd Season,tv,25.0
3759,Kimi ga Nozomu Eien: Next Season,ova,4.0
307,Kimi ni Todoke 2nd Season,tv,12.0
2405,Kimi ni Todoke 2nd Season: Minitodo Gekijou,special,3.0
16093,"Kimi to Boku no Saigo no Senjou, Aruiwa Sekai ga Hajimaru Seisen Season II",tv,
3006,Kindaichi Shounen no Jikenbo Returns 2nd Season,tv,22.0
6645,Kindaichi Shounen no Jikenbo Returns 2nd Season: Akechi Keibu no Jikenbo,special,1.0
617,Kingdom 2nd Season,tv,39.0
760,Kingdom 3rd Season,tv,26.0
1053,Kingdom 4th Season,tv,26.0
16173,Kingdom 5th Season,tv,
5691,Kiratto Pri☆chan Season 2,tv,51.0
7001,Kiratto Pri☆chan Season 3,tv,51.0
16386,Kizuna no Allele Season 2,tv,
16571,Knights of the Zodiac: Saint Seiya 3rd Season,ona,
309,"Komi-san wa, Comyushou desu. 2nd Season",tv,12.0
5314,Koukaku Kidoutai: SAC_2045 Season 2,ona,12.0
23531,Kuaile Xing Mao: Mingsheng Pian 2nd Season,tv,26.0
122,Kuroko no Basket 2nd Season,tv,25.0
1375,Kuroko no Basket 2nd Season NG-shuu,special,9.0
102,Kuroko no Basket 3rd Season,tv,25.0
1754,Kuroko no Basket 3rd Season NG-shuu,special,9.0
7812,Kuruneko 2nd Season,tv,50.0
12597,Kyokou Suiri Mini Anime Season 2,ona,16.0
1908,Kyokou Suiri Season 2,tv,12.0
3169,Kyoukai no Rinne 2nd Season,tv,25.0
3979,Kyoukai no Rinne 3rd Season,tv,25.0
9435,Kyouryuu Shoujo Gauko 2nd Season,ona,19.0
19144,Lalala Demacia Second Season,ona,10.0
18947,Lalala Demacia Third Season,ona,10.0
22179,Lan Pi Shu Yu Da Lian Mao 2nd Season,tv,39.0
9712,Larva 2nd Season,tv,52.0
10475,Larva 3rd Season,tv,104.0
13091,Larva Island Season 2,ona,13.0
8969,Li Linke de Xiao Guaner 2nd Season,ona,10.0
6098,Liang Bu Yi 2nd Season,ona,24.0
23166,Life of the Dead Season 2,ona,2.0
6563,Ling Jian Zun 2nd Season,ona,30.0
6432,Ling Jian Zun 3rd Season,ona,40.0
6831,Ling Jian Zun 4th Season,ona,
7890,Ling Yu 2nd Season,ona,10.0
8619,Ling Yu 3rd Season,ona,12.0
8742,Ling Yu 4th Season,ona,12.0
9311,Ling Yu 5th Season,ona,12.0
11581,Ling Yu 6th Season,ona,12.0
608,Log Horizon 2nd Season,tv,25.0
19937,Long Wang Dian 2nd Season,ona,75.0
23419,Longlong Juggessji? 2nd Season,tv,26.0
1943,Love Live! Nijigasaki Gakuen School Idol Doukoukai 2nd Season,tv,13.0
574,Love Live! School Idol Project 2nd Season,tv,13.0
1143,Love Live! Sunshine!! 2nd Season,tv,13.0
1981,Love Live! Superstar!! 2nd Season,tv,12.0
16218,Love Live! Superstar!! 3rd Season,tv,
11805,Lovely Movie: Itoshi no Muco Season 2,tv,22.0
7711,Lu Shidai 2nd Season,ona,13.0
22797,Luo Baobei 2nd Season,tv,13.0
22876,Luo Baobei 3rd Season,tv,26.0
19858,Ma-eum-uisoli Season 2,tv,20.0
19503,Ma-eum-uisoli Season 3,tv,22.0
20454,Mabeob Chunjamun Season 2,tv,26.0
3438,Magia Record: Mahou Shoujo Madoka☆Magica Gaiden 2nd Season - Kakusei Zenya,tv,8.0
9991,Magia Record: Mahou Shoujo Madoka☆Magica Gaiden 2nd Season - Kakusei Zenya Recap,special,1.0
4649,Magia Record: Mahou Shoujo Madoka☆Magica Gaiden Final Season - Asaki Yume no Akatsuki,special,4.0
7517,Mahou Shoujo Nante Mou Ii desu kara. Second Season,tv,12.0
1182,Mahoutsukai no Yome Season 2,tv,12.0
16114,Mahoutsukai no Yome Season 2 Part 2,tv,
401,Mairimashita! Iruma-kun 2nd Season,tv,21.0
832,Mairimashita! Iruma-kun 3rd Season,tv,21.0
2634,Major 2nd 2nd Season,tv,25.0
20543,Malta no Bouken Season 2,tv,12.0
19806,Malta no Bouken Season 3,tv,12.0
18843,Mamekichi Mameko NEET no Nichijou 2nd Season,tv,
17299,Mameshiba 2nd Season,ona,
18134,Mao Zhi Ming 2nd Season,ona,11.0
24392,Maomao Zhen 2nd Season,tv,26.0
12150,Marvel Future Avengers 2nd Season,tv,13.0
16087,Mashle 2nd Season,tv,
8697,Massugu ni Ikou. 2nd Season,tv,5.0
16167,Megami no Café Terrace Season 2,tv,
8724,Megaton-kyuu Musashi 2nd Season,tv,15.0
23943,Mei Shaonu Da Picha 2nd Season,ona,13.0
24064,Meng Ji Xiaodui 2nd Season,tv,52.0
24208,Meng Ji Xiaodui 3rd Season,tv,52.0
19410,Menghuan Shuyuan 3rd Season,ona,14.0
19381,Menghuan Shuyuan 4th Season,ona,14.0
20938,Menghuan Shuyuan 6th Season,ona,12.0
20709,Menghuan Shuyuan 7th Season,ona,12.0
23920,Mengxiang Zhaohuan Wang 2nd Season,tv,52.0
22083,Mi Le Mi Ke: Shenqi Haitun Dao 2nd Season,tv,26.0
11900,Mini Van 2nd Season,tv,26.0
7627,"Mix: Meisei Story 2nd Season - Nidome no Natsu, Sora no Mukou e",tv,24.0
18377,Mo Jing Lieren 2nd Season,ona,26.0
18081,Mo Jing Lieren 3rd Season,ona,29.0
21581,Mo Jing Lieren 4th Season,ona,28.0
20959,Mo Jing Lieren 5th Season,ona,26.0
21702,Mole Zhuang Yuan 2nd Season,tv,52.0
21762,Mole Zhuang Yuan 3rd Season,tv,52.0
69,Monogatari Series: Second Season,tv,26.0
4504,Mononogatari 2nd Season,tv,12.0
4664,Moonlight Mile 1st Season: Lift Off,tv,12.0
5088,Moonlight Mile 2nd Season: Touch Down,tv,14.0
18948,Moshi Juexing: Ruqin 2nd Season,ona,13.0
16674,Motto! Majime ni Fumajime Kaiketsu Zorori 2nd Season,tv,25.0
16841,Motto! Majime ni Fumajime Kaiketsu Zorori 3rd Season,tv,25.0
4534,Muhyo to Rouji no Mahouritsu Soudan Jimusho 2nd Season,tv,12.0
18389,Mukashi Keibanashi 2nd Season,tv,4.0
23830,Mumu Buluo 2nd Season,tv,52.0
332,Mushishi Zoku Shou 2nd Season,tv,10.0
6283,Muv-Luv Alternative 2nd Season,tv,12.0
21485,Na Nian Na Tu Naxie Shi Er 2nd Season,ona,12.0
21899,Na Nian Na Tu Naxie Shi Er 3rd Season,ona,12.0
21709,Na Nian Na Tu Naxie Shi Er 4th Season,ona,12.0
21486,Na Nian Na Tu Naxie Shi Er 5th Season,ona,11.0
22982,Nae Salang Ddung 2nd Season,tv,52.0
12530,Nanocore 2nd Season,ona,10.0
16802,Nanocore 3rd Season,ona,20.0
18773,Neko Jockey 2nd Season,tv,4.0
11492,Neko Neko Nihonshi 2nd Season,tv,32.0
11961,Neko Neko Nihonshi 3rd Season,tv,32.0
17011,Neko Neko Nihonshi 4th Season,tv,32.0
17210,Neko Neko Nihonshi 5th Season,tv,32.0
19659,Ninja Box 2nd Season,ona,16.0
19296,Ninja Box 3rd Season,ona,
17844,Nitian Xie Shen 2nd Season,ona,118.0
2801,No Guns Life 2nd Season,tv,12.0
22335,Noonbory Season 2,tv,26.0
19711,Nu Sheng Su She Ri Chang 2nd Season,ona,7.0
16707,Nyuru Nyuru!! Kakusen-kun 2nd Season,tv,13.0
5053,Obey Me! Season 2,ona,12.0
615,One Punch Man 2nd Season,tv,12.0
3116,One Punch Man 2nd Season Commemorative Special,special,1.0
1523,One Punch Man 2nd Season Specials,special,6.0
6445,One Room: Second Season,tv,12.0
8454,One Room: Second Season - Hanasaka Yui no Prologue,special,1.0
9186,One Room: Second Season Special,special,1.0
5524,One Room: Third Season,tv,12.0
14828,Oniku Daisuki! Zeushi-kun 2nd Season,ona,6.0
23583,Onosaka Konishi no O+K 2.5-jigen Animation 2nd Season,ova,10.0
23420,Onosaka Konishi no O+K 2.5-jigen Animation 3rd Season,ova,10.0
23310,Onosaka Konishi no O+K 2.5-jigen Animation 4th Season,ova,10.0
20730,Ooya-san to Boku 2nd Season,tv,5.0
20891,Ooya-san to Boku 3rd Season,tv,5.0
14126,Oshiri Kajiri Mushi (TV) 2nd Season,tv,32.0
14666,Oshiri Kajiri Mushi (TV) 3rd Season,tv,10.0
14859,Oshiri Kajiri Mushi (TV) 4th Season,tv,10.0
18324,Oshiri Tantei 2nd Season,tv,16.0
18495,Oshiri Tantei 3rd Season,tv,13.0
18371,Oshiri Tantei 4th Season,tv,13.0
17715,Oshiri Tantei 5th Season,tv,13.0
18652,Oshiri Tantei 6th Season,tv,13.0
18831,Oshiri Tantei 7th Season,tv,15.0
16633,Osiris no Tenbin: Season 2,ona,11.0
1715,Osomatsu-san 2nd Season,tv,25.0
3068,Osomatsu-san 3rd Season,tv,25.0
12086,Osomatsu-san Short Film Series 2nd Season,special,4.0
16101,Otome Game Sekai wa Mob ni Kibishii Sekai desu 2nd Season,tv,
18204,Otona no Ikkyuu-san 2nd Season,tv,13.0
165,Owarimonogatari 2nd Season,tv,7.0
2171,Owarimonogatari 2nd Season Recaps,special,2.0
17290,PJ Berri no Mogumogu Munyamunya Season 2,tv,6.0
21660,Pai Le Meng Qi 2nd Season,tv,26.0
21579,Pao Fu Xiaojie 2nd Season,ona,12.0
21831,Pao Fu Xiaojie 4th Season,ona,12.0
22260,Pao Fu Xiaojie 5th Season,ona,12.0
22017,Pao Fu Xiaojie 7th Season,ona,12.0
24226,Pao Pao Meirenyu 2nd Season,tv,26.0
11193,Peeping Life TV: Season 1??,tv,12.0
2052,Piano no Mori (TV) 2nd Season,tv,12.0
4699,Pokemon Best Wishes! Season 2,tv,24.0
5581,Pokemon Best Wishes! Season 2: Decolora Adventure,tv,20.0
6092,Pokemon Best Wishes! Season 2: Decolora Adventure - Dent to Takeshi! Gyarados no Gekirin!!,special,1.0
6676,Pokemon Best Wishes! Season 2: Decolora Adventure - Iris vs. Ibuki! Dragon Master e no Michi!!,special,1.0
4081,Pokemon Best Wishes! Season 2: Episode N,tv,14.0
2273,Poputepipikku 2nd Season,tv,11.0
18357,Power Battle Watch Car Season 2,tv,13.0
1067,Princess Connect! Re:Dive Season 2,tv,12.0
17646,Prism Season,ova,1.0
6202,Pucca (TV) 2nd Season,tv,13.0
21788,Qi Qi Ping Ping 2nd Season,tv,26.0
24387,Qi Qu Tegong Dui 2nd Season,tv,26.0
22529,Qiaohu Tansuo Qimiao Shijie 2nd Season,ona,15.0
22675,Qiaohu Tansuo Qimiao Shijie 3rd Season,ona,20.0
10374,Qin Shi Mingyue: Tian Xing Jiu Ge 2nd Season,ona,30.0
20822,Qin Shi Mingyue: Xiao Chuangjianghu 2nd Season,tv,52.0
17872,Qing Chi Hong Xiaodou Ba! 2nd Season,ona,16.0
18561,Qing Chi Hong Xiaodou Ba! 3rd Season,ona,12.0
18607,Qing Chi Hong Xiaodou Ba! 4th Season,ona,12.0
18012,Quanzhi Fashi: Q Ban Xiao Juchang 2nd Season,ona,12.0
16457,"Ququ Bucai, Zaixia Yeguai 2nd Season",ona,16.0
1292,Radiant 2nd Season,tv,21.0
16294,Rail Romanesque 2nd Season,tv,
23430,Rainbow Ruby 2nd Season,tv,26.0
2816,Re:Zero kara Hajimeru Break Time 2nd Season,special,25.0
74,Re:Zero kara Hajimeru Isekai Seikatsu 2nd Season,tv,13.0
71,Re:Zero kara Hajimeru Isekai Seikatsu 2nd Season Part 2,tv,12.0
16061,Re:Zero kara Hajimeru Isekai Seikatsu 3rd Season,tv,
2126,Rewrite 2nd Season,tv,11.0
24547,Rick He Coco 2nd Season,ona,20.0
3717,Rinne no Lagrange Season 2,tv,12.0
9153,Rinne no Lagrange Season 2 Specials,special,6.0
18251,Robin-kun to 100 nin no Otomodachi Season 2,tv,13.0
24691,Romi Xiong Yu Dami Tu 2nd Season,ona,13.0
20856,Ruguo Lishi Shi Yiqun Miao 2nd Season,ona,13.0
20910,Ruguo Lishi Shi Yiqun Miao 3rd Season,ona,12.0
20857,Ruguo Lishi Shi Yiqun Miao 4th Season,ona,13.0
20846,Ruguo Lishi Shi Yiqun Miao 5th Season,ona,13.0
20704,Ruguo Lishi Shi Yiqun Miao 6th Season,ona,13.0
20663,Ruguo Lishi Shi Yiqun Miao 7th Season,ona,12.0
20098,Ruguo Lishi Shi Yiqun Miao 8th Season,ona,12.0
20728,Ruguo Lishi Shi Yiqun Miao 9th Season,ona,12.0
16124,SK∞ 2nd Season,tv,
16159,Sabikui Bisco Season 2,tv,
21168,Sai Er Hao Season 10: Bing Feng Yaosai,tv,30.0
19975,Sai Er Hao Season 11: Liekong Canghai,tv,30.0
20296,Sai Er Hao Season 2: Sheng Zhe Ni Xi,tv,40.0
20880,Sai Er Hao Season 3: Guangming De Jiushu,tv,30.0
20421,Sai Er Hao Season 4: Zhanshen Fengyun Jue,tv,30.0
20504,Sai Er Hao Season 5: Lie Tian Kun Shou,tv,30.0
20486,Sai Er Hao Season 6: Cangqiong Liehuo,tv,30.0
20599,Sai Er Hao Season 7: Yuzhou Zhi Yan,tv,30.0
20577,Sai Er Hao Season 8: Huanmeng Zhan Ji,tv,30.0
20680,Sai Er Hao Season 9: Pili Jiuchong Tian,tv,30.0
1435,Saiunkoku Monogatari 2nd Season,tv,39.0
18610,Sakuretsu! Amabie-hime. Season 2,tv,12.0
23576,San Zhi Tuzi 2nd Season,ona,26.0
21232,Sanguo Yanyi 2nd Season: Zhulu Zhongyuan,ona,20.0
19434,Sanguo Yanyi 3rd Season,ona,26.0
18426,Season's Greetings from dwarf,ona,2.0
16105,Seijo no Maryoku wa Bannou desu 2nd Season,tv,
16070,Seirei Gensouki 2nd Season,tv,
12533,Seizei Ganbare! Mahou Shoujo Kurumi 2nd Season,ona,25.0
16413,Seizei Ganbare! Mahou Shoujo Kurumi 3rd Season,tv,25.0
16408,Semi wa Magic Cube 2nd Season,ona,26.0
16655,Sentai Hero Sukiyaki Force: Gunma no Heiwa wo Negau Season,tv,24.0
17607,"Sentai Hero Sukiyaki Force: Gunma no Heiwa wo Negau Season e, Mata?",tv,24.0
891,Shadows House 2nd Season,tv,12.0
24213,Shanhai Baobei 2nd Season,tv,26.0
16316,Shanhe Jian Xin 2nd Season,ona,
11555,Shaonian Jinyiwei 2nd Season,ona,13.0
21123,Shaonian Jinyiwei 2nd Season Xuzhang,ona,1.0
20637,Shen Ming Zhi Zhou 2nd Season,ona,12.0
5030,Shen Yin Wangzuo 2nd Season,ona,52.0
21974,Shi Shenhun 2nd Season,ona,12.0
13906,Shi Wan Ge Leng Xiaohua 2nd Season,ona,13.0
16651,Shi Wan Ge Leng Xiaohua Di 3rd Season,ona,49.0
20902,Shi Wangzhe A? 2nd Season,ona,
6941,Shin Chuuka Ichiban! 2nd Season,tv,12.0
22,Shingeki no Kyojin Season 2,tv,12.0
1487,Shingeki no Kyojin Season 2 Movie: Kakusei no Houkou,movie,1.0
13,Shingeki no Kyojin Season 3,tv,12.0
2,Shingeki no Kyojin Season 3 Part 2,tv,10.0
2420,Shingeki no Kyojin Season 3 Specials,special,7.0
7,Shingeki no Kyojin: The Final Season,tv,16.0
187,Shingeki no Kyojin: The Final Season - Kanketsu-hen,special,2.0
33,Shingeki no Kyojin: The Final Season Part 2,tv,12.0
5364,Shingeki no Kyojin: The Final Season Specials,special,2.0
2997,Shinigami Bocchan to Kuro Maid 2nd Season,tv,
5299,Shinkon Gattai Godannar!! 2nd Season,tv,13.0
20796,Shouji Li de Huanxiong Xiao Zhen 2nd Season,ona,26.0
17187,Shu Ling Ji 2nd Season,ona,40.0
20423,Shuimu Xuetang 2nd Season,tv,400.0
22040,Shuo Guo Lei Lei 2nd Season,tv,26.0
12370,Si Hai Jing Qi 2nd Season,ona,24.0
16079,"Slime Taoshite 300-nen, Shiranai Uchi ni Level Max ni Nattemashita 2nd Season",tv,
13204,Slime-tachi no Idobata Kaigi 2nd Season,ona,14.0
9394,Souten no Ken: Regenesis 2nd Season,tv,12.0
480,Space☆Dandy 2nd Season,tv,13.0
9886,Space☆Dandy 2nd Season Picture Drama,special,3.0
23063,Spookiz 2nd Season,ona,23.0
23694,Spookiz 3rd Season,ona,24.0
22471,Spookiz 4th Season,ona,
5429,Spy Kyoushitsu 2nd Season,tv,12.0
16053,Spy x Family Season 2,tv,
3414,Starmyu 2nd Season,tv,12.0
8339,Starmyu 2nd Season Special,special,1.0
5310,Starmyu 3rd Season,tv,12.0
10731,Starmyu 3rd Season: Encore,special,1.0
723,Sword Art Online: Alicization - War of Underworld 2nd Season,tv,11.0
18323,Sylvanian Families: Mini Story 2nd Season,tv,12.0
14073,Tadaima! Chibi Godzilla Season 2,ona,13.0
17304,Taeko no Nichijou 2nd Season,tv,132.0
3630,Taiho Shichau zo: Second Season,tv,26.0
1557,Tales of Zestiria the Cross 2nd Season,tv,13.0
24575,Tan Tan Mao: Qimiao Shijie 2nd Season,tv,26.0
16102,"Tantei wa Mou, Shindeiru. Season 2",tv,
23611,Taoqi Xing Mao 2nd Season,tv,13.0
3336,Tate no Yuusha no Nariagari Season 2,tv,13.0
16050,Tate no Yuusha no Nariagari Season 3,tv,
1950,Tenchi Muyou! Ryououki 2nd Season,ova,6.0
5922,Tenchi Muyou! Ryououki 2nd Season Picture Drama,special,1.0
2990,Tenchi Muyou! Ryououki 3rd Season,ova,6.0
10572,Tenchi Muyou! Ryououki 3rd Season Picture Drama,special,5.0
3871,Tenchi Muyou! Ryououki 3rd Season: Tenchi Seirou naredo Namitakashi?,ova,1.0
6974,Tenchi Muyou! Ryououki 4th Season,ova,4.0
7906,Tenchi Muyou! Ryououki 5th Season,ova,6.0
77,Tensei shitara Slime Datta Ken 2nd Season,tv,12.0
113,Tensei shitara Slime Datta Ken 2nd Season Part 2,tv,12.0
2740,Tensei shitara Slime Datta Ken 2nd Season: Kanwa - Veldora Nikki 2,special,1.0
16058,Tensei shitara Slime Datta Ken 3rd Season,tv,
3086,Tentai Senshi Sunred 2nd Season,tv,26.0
9892,The Four Seasons,ona,4.0
18521,The Legend of Huainanzi 2nd Season,tv,26.0
2414,The iDOLM@STER Cinderella Girls 2nd Season,tv,12.0
4920,Tian Bao Fuyao Lu 2nd Season,ona,13.0
16372,Tian Bao Fuyao Lu 3rd Season,ona,
16138,Tian Guan Ci Fu 2nd Season,ona,
17799,Tian Xin Ge Ge 2nd Season,tv,52.0
19339,Tian Xin Ge Ge 3rd Season,ona,26.0
22073,Tian Xin Ge Ge 4th Season,tv,26.0
22435,Tian Xin Ge Ge 5th Season,tv,23.0
17484,Tian Yu 2nd Season: Cang Gu Zhi Ban,ona,13.0
22964,Tiantian Chengzhang Ji 2nd Season,ona,13.0
24210,Tiantian Chengzhang Ji 3rd Season,ona,13.0
24673,Tiantian Chengzhang Ji 4th Season,ona,13.0
3649,Tokyo Ghoul:re 2nd Season,tv,12.0
6284,Tokyo Mew Mew New ♡ 2nd Season,tv,12.0
1168,Tonikaku Kawaii 2nd Season,tv,12.0
1126,Tsubasa Chronicle 2nd Season,tv,26.0
16066,Tsuki ga Michibiku Isekai Douchuu 2nd Season,tv,
24805,Tun Bao Yu Bo Du 2nd Season,tv,26.0
24806,Tun Bao Yu Bo Du 3rd Season,tv,26.0
24807,Tun Bao Yu Bo Du 4th Season,tv,26.0
4488,Tunshi Xingkong 2nd Season,ona,104.0
14031,Turning Mecard W Season 2,tv,26.0
22647,Tuteng Lingyu 2nd Season,tv,52.0
24713,Tuzi Bang 2nd Season,tv,26.0
23441,UP Miao Zhiwu Kepu 2nd Season,tv,26.0
6273,Ultraman Season 2,ona,6.0
1350,Uma Musume: Pretty Derby Season 2,tv,13.0
16222,Uma Musume: Pretty Derby Season 3,tv,
16525,UniteUp! 2nd Season,tv,
16151,Urusei Yatsura (2022) 2nd Season,tv,23.0
753,Ushio to Tora (TV) 2nd Season,tv,13.0
149,Vinland Saga Season 2,tv,24.0
2991,Vinland Saga Season 2: Drowning in the Shadow,ona,1.0
6131,Vinland Saga Season 2: Same Old Story,ona,1.0
19182,Wa Wa Wa Wappi-chan 2nd Season,tv,26.0
22146,Wai Xing Ren Ago 2nd Season,tv,26.0
22032,Wai Xing Ren Ago 3rd Season,tv,26.0
22033,Wai Xing Ren Ago 4th Season,tv,26.0
9095,Wan Jie Du Zun 2nd Season,ona,112.0
8308,Wan Jie Shen Zhu 2nd Season,ona,48.0
9541,Wan Jie Shen Zhu 3rd Season,ona,208.0
5793,Wan Jie Xian Zong 2nd Season,ona,40.0
5945,Wan Jie Xian Zong 3rd Season,ona,48.0
6618,Wan Jie Xian Zong 4th Season,ona,48.0
7992,Wan Jie Xian Zong 5th Season,ona,
22809,Wangzhe? Bie Nao! 2nd Season,ona,33.0
22401,Wangzhe? Bie Nao! 2nd Season Fanwai,ona,2.0
17523,Washimo 2nd Season,tv,24.0
17808,Washimo 3rd Season,tv,44.0
17866,Washimo 4th Season,tv,44.0
17993,Washimo 5th Season,tv,44.0
18661,Washimo 6th Season,tv,42.0
18966,Washimo 7th Season,tv,40.0
18846,Washimo 8th Season,tv,40.0
19467,Washimo 9th Season,tv,40.0
3902,White Album 2nd Season,tv,13.0
23442,Wo Jiao MT 2nd Season,ona,10.0
24702,Wo Jiao MT 3rd Season,ona,10.0
24824,Wo Jiao MT 4th Season,ona,10.0
24888,Wo Jiao MT 5th Season,ona,10.0
24889,Wo Jiao MT 6th Season,ona,21.0
8171,Wo Shi Da Shenxian 2nd Season,ona,16.0
11030,Wo Shi Jiang Xiaobai 2nd Season,ona,12.0
23568,Wo de Maoxian Shijie 2nd Season,ona,16.0
20493,Wonder Balls Season 2,tv,26.0
754,World Trigger 2nd Season,tv,12.0
809,World Trigger 3rd Season,tv,14.0
4341,Wu Dong Qian Kun 2nd Season,ona,12.0
4898,Wu Dong Qian Kun 3rd Season,ona,12.0
8462,Wu Geng Ji 4th Season,ona,24.0
11033,Wu Geng Ji 4th Season Part 2,ona,18.0
7333,Wu Shang Shen Di 2nd Season,ona,240.0
24868,Wudi Xiaolu 2nd Season,ona,24.0
24869,Wudi Xiaolu 3rd Season,ona,24.0
23399,Wuliao Shi She 2nd Season,ona,14.0
24804,Wuliao Shi She 2nd Season Fanwai Pian,ona,5.0
24065,Wulongyuan: Huobao Chuanqi 2nd Season,tv,52.0
23048,Xiagu Zhong An Zu 2nd Season,ona,21.0
18133,Xiao Hua Xian 2nd Season,tv,52.0
18027,Xiao Hua Xian 3rd Season: Shou Hu Tian Shi,tv,40.0
19028,Xiao Hua Xian 4th Season: Shou Hu Tian Shi 2,ona,40.0
19104,Xiao Hua Xian 5th Season: Si Shi Huayu - Chun Xia,ona,26.0
16454,Xiao Lu He Xiao Lan 2nd Season,ona,12.0
21923,Xiao Ma Fei Li: Binfen Xianjing 2nd Season,tv,26.0
24232,Xiao Mao Tang Mi 2nd Season,ona,26.0
20650,Xiao Shizi Sai Ji 2nd Season,ona,104.0
24247,Xiao Tu Xia: Kung Fu Xuexiao 2nd Season,tv,104.0
23721,Xiao Xing Mao: Mohuan Yuezhang 2nd Season,tv,26.0
21981,Xiao Yang Duo Li 2nd Season,tv,52.0
23345,Xiao Yingtao 2nd Season,tv,26.0
23346,Xiao Yingtao 3rd Season,tv,52.0
24086,Xiao Yu Ren Mojimusi Yijia 2nd Season,ona,26.0
24087,Xiao Yu Ren Mojimusi Yijia 3rd Season,ona,26.0
24088,Xiao Yu Ren Mojimusi Yijia 4th Season,ona,26.0
24089,Xiao Yu Ren Mojimusi Yijia 5th Season,ona,26.0
23794,Xiao Yu Ren Mojimusi Yijia 6th Season,ona,26.0
23795,Xiao Yu Ren Mojimusi Yijia 7th Season,ona,26.0
23796,Xiao Yu Ren Mojimusi Yijia 8th Season,ona,26.0
21349,Xiao Zhuren: Zhengyi Lianmeng 2nd Season,tv,52.0
23256,Xiaobing De Gushi Second Season,ona,5.0
23931,Xiaolu Xingren Er 2nd Season,tv,52.0
22545,Xin Datou Er Zi He Xiao Tou Baba 2nd Season,tv,48.0
22357,Xin Datou Er Zi He Xiao Tou Baba 3rd Season,tv,150.0
22779,Xin Datou Er Zi He Xiao Tou Baba 4th Season,tv,100.0
22780,Xin Datou Er Zi He Xiao Tou Baba 5th Season,tv,100.0
22781,Xin Datou Er Zi He Xiao Tou Baba 6th Season,tv,100.0
23836,Xin Maiquan Keke Meishi Tianxia 2nd Season,tv,26.0
23533,Xing Mao Katong Tiandi 2nd Season,tv,10.0
23613,Xing Mao Xunbao Ji 2nd Season,tv,26.0
9104,Xing Wushen Jue 2nd Season,ona,40.0
7456,Xingchen Bian 5th Season,ona,28.0
23258,Xingfu Xiao Zhen 2nd Season,ona,1.0
16616,Xinghe Zhizun 2nd Season,ona,112.0
22464,Xiongmao Sanbao: Meng Chong Weishi 2nd Season,tv,26.0
24233,Xiongmao Yangyang He Xiao Huoban 2nd Season,tv,26.0
5660,Xue Ying Ling Zhu 2nd Season,ona,22.0
7243,Xue Ying Ling Zhu 3rd Season,ona,26.0
7107,Yakusoku no Neverland 2nd Season,tv,11.0
2092,Yama no Susume Second Season,tv,24.0
4897,Yama no Susume Second Season Specials,special,2.0
2401,Yama no Susume Third Season,tv,13.0
20094,Yankee Hamster Season 2,ona,50.0
23327,Yankee Hamster Season 3,ona,50.0
3855,Yao Shen Ji 2nd Season,ona,40.0
3432,Yao Shen Ji 3rd Season,ona,40.0
4259,Yao Shen Ji 4th Season,ona,52.0
5325,Yao Shen Ji 5th Season,ona,104.0
6700,Yao Shen Ji 6th Season,ona,52.0
4301,Yaoguai Mingdan 2nd Season,ona,21.0
6292,Yi Ren Zhi Xia 4th season,ona,12.0
9478,Yi Ren Zhi Xia 5th season,ona,12.0
18441,Yi Shijie Zhongyao Pu 2nd Season,ona,60.0
11979,Yin Yang Shi: Ping An Wu Yu 2nd Season,ona,12.0
16952,Yin Yang Shi: Ping An Wu Yu 3rd Season,ona,12.0
17215,Yong Zhe Da Mao Xian 2nd Season,ona,25.0
7852,Yoru wa Neko to Issho Season 2,ona,
21964,You Shen Me 2nd Season,ona,10.0
20541,You Shou Yan 2nd Season,ona,
16574,You Yao 2nd Season,ona,
239,Youkoso Jitsuryoku Shijou Shugi no Kyoushitsu e 2nd Season,tv,13.0
16056,Youkoso Jitsuryoku Shijou Shugi no Kyoushitsu e 3rd Season,tv,
6827,Yuan Long 2nd Season,ona,16.0
11293,Yuan Long 3rd Season,ona,16.0
18310,Yukai na Animal Bus 2nd Season,tv,12.0
412,Yuru Camp△ Season 2,tv,13.0
3242,Yuru Camp△ Season 2 Specials,special,2.0
16111,Yuru Camp△ Season 3,tv,
6324,Ze Tian Ji 2nd Season,ona,12.0
6863,Ze Tian Ji 3rd Season,ona,12.0
6642,Ze Tian Ji 4th Season,ona,12.0
7146,Ze Tian Ji 5th Season,ona,12.0
19752,Zhandouban Geji! 2nd Season,ona,14.0
19483,Zhandouban Geji! Season Zero,ona,4.0
16663,Zhen Hun Jie 3rd Season,ona,16.0
16773,Zhen Wu Dianfeng 2nd Season,ona,52.0
21593,Zhonghua Dizi Gui 2nd Season,tv,120.0
